{
  "suite_id": "breakthrough_validation_1755956090",
  "start_time": "2025-08-23 13:34:50",
  "experiments": [
    {
      "problem_size": 10,
      "n_trials": 6,
      "algorithms": {
        "baseline": {
          "mean_energy": -11.935266667227339,
          "std_energy": 1.3323105451232067,
          "mean_runtime": 0.053133090337117515,
          "std_runtime": 0.0009742603963992333,
          "all_energies": [
            -12.01846919561002,
            -11.297675991526773,
            -10.80644810516051,
            -14.688740736895419,
            -12.035851828934904,
            -10.7644141452364
          ],
          "all_runtimes": [
            0.053755760192871094,
            0.052260398864746094,
            0.053968191146850586,
            0.05418205261230469,
            0.05147552490234375,
            0.05315661430358887
          ]
        },
        "adaptive_neural": {
          "mean_energy": -11.356999778222146,
          "std_energy": 0.8988384735177366,
          "mean_runtime": 0.0699933369954427,
          "std_runtime": 0.0009382447205313531,
          "all_energies": [
            -12.187575547056703,
            -10.344070704578856,
            -12.761898156315265,
            -11.326679396659955,
            -10.28854033712048,
            -11.233234527601617
          ],
          "all_runtimes": [
            0.06919741630554199,
            0.06960511207580566,
            0.0708305835723877,
            0.06927776336669922,
            0.07169079780578613,
            0.06935834884643555
          ]
        },
        "quantum_corrected": {
          "mean_energy": -10.451770289912313,
          "std_energy": 1.0502390873164982,
          "mean_runtime": 0.04424786567687988,
          "std_runtime": 0.001238578621058151,
          "all_energies": [
            -9.626398672948696,
            -10.031842584006933,
            -9.75448567668473,
            -12.729125065498446,
            -10.410576977038533,
            -10.158192763296544
          ],
          "all_runtimes": [
            0.043474674224853516,
            0.04525566101074219,
            0.042989253997802734,
            0.04298257827758789,
            0.04444766044616699,
            0.04633736610412598
          ]
        },
        "federated": {
          "mean_energy": -10.308497767903711,
          "std_energy": 0.5972040323243872,
          "mean_runtime": 0.1470320224761963,
          "std_runtime": 0.01677139707370752,
          "all_energies": [
            -11.134615247732283,
            -10.244221800134838,
            -10.042026094139597,
            -9.642013448674634,
            -11.073564339927666,
            -9.71454567681325
          ],
          "all_runtimes": [
            0.14138197898864746,
            0.13975787162780762,
            0.1446514129638672,
            0.18395137786865234,
            0.13570427894592285,
            0.13674521446228027
          ]
        }
      },
      "statistical_analysis": {
        "adaptive_neural": {
          "p_value": 0.24073003590846342,
          "cohens_d": -0.5088435992790052,
          "improvement_percentage": -4.8450269703067175,
          "significant": false,
          "practical_significance": true
        },
        "quantum_corrected": {
          "p_value": 0.015785277087458027,
          "cohens_d": -1.2366649566370225,
          "improvement_percentage": -12.429520166386485,
          "significant": false,
          "practical_significance": true
        },
        "federated": {
          "p_value": 0.004219041690181946,
          "cohens_d": -1.5757140379587538,
          "improvement_percentage": -13.629933412300868,
          "significant": false,
          "practical_significance": true
        }
      },
      "timestamp": "2025-08-23 13:34:50"
    },
    {
      "problem_size": 20,
      "n_trials": 6,
      "algorithms": {
        "baseline": {
          "mean_energy": -35.71236425668727,
          "std_energy": 3.812117921469649,
          "mean_runtime": 0.18157637119293213,
          "std_runtime": 0.01011036159412348,
          "all_energies": [
            -32.04334195849981,
            -39.110650741923635,
            -34.509236646736596,
            -41.13928381407723,
            -37.16155394586949,
            -30.31011843301688
          ],
          "all_runtimes": [
            0.16107535362243652,
            0.18397188186645508,
            0.18359875679016113,
            0.19347000122070312,
            0.1877307891845703,
            0.1796114444732666
          ]
        },
        "adaptive_neural": {
          "mean_energy": -32.27062977905318,
          "std_energy": 2.5319628898378594,
          "mean_runtime": 0.2674540678660075,
          "std_runtime": 0.002655390791944301,
          "all_energies": [
            -33.59335543579293,
            -32.9803970635499,
            -36.255137418675574,
            -28.782473347675577,
            -29.429727303894566,
            -32.58268810473054
          ],
          "all_runtimes": [
            0.26358914375305176,
            0.2672405242919922,
            0.2653529644012451,
            0.27179384231567383,
            0.26728248596191406,
            0.26946544647216797
          ]
        },
        "quantum_corrected": {
          "mean_energy": -31.009108079591925,
          "std_energy": 2.874521178608213,
          "mean_runtime": 0.15081683794657388,
          "std_runtime": 0.012243126435262399,
          "all_energies": [
            -27.665725785403097,
            -36.74634183549488,
            -29.47453818675042,
            -30.374414913893247,
            -32.05875526134039,
            -29.73487249466953
          ],
          "all_runtimes": [
            0.17676973342895508,
            0.14294004440307617,
            0.14485859870910645,
            0.14283967018127441,
            0.14345216751098633,
            0.15404081344604492
          ]
        },
        "federated": {
          "mean_energy": -33.02130154312412,
          "std_energy": 2.1031775319174613,
          "mean_runtime": 0.5065815846125284,
          "std_runtime": 0.02046533655784158,
          "all_energies": [
            -35.31845230869389,
            -35.004894296330725,
            -33.66542354198623,
            -33.67901912807705,
            -29.55975261044463,
            -30.90026737321218
          ],
          "all_runtimes": [
            0.5179226398468018,
            0.5011687278747559,
            0.4876265525817871,
            0.47569727897644043,
            0.5347754955291748,
            0.5222988128662109
          ]
        }
      },
      "statistical_analysis": {
        "adaptive_neural": {
          "p_value": 0.03081536652816874,
          "cohens_d": -1.0635847300010102,
          "improvement_percentage": -9.637375035985233,
          "significant": false,
          "practical_significance": true
        },
        "quantum_corrected": {
          "p_value": 0.008594202498172443,
          "cohens_d": -1.3931335080016007,
          "improvement_percentage": -13.169825843201197,
          "significant": false,
          "practical_significance": true
        },
        "federated": {
          "p_value": 0.063550903373915,
          "cohens_d": -0.8741179988831377,
          "improvement_percentage": -7.535381007599474,
          "significant": false,
          "practical_significance": true
        }
      },
      "timestamp": "2025-08-23 13:34:52"
    },
    {
      "problem_size": 40,
      "n_trials": 6,
      "algorithms": {
        "baseline": {
          "mean_energy": -97.6684870763565,
          "std_energy": 5.955245123032436,
          "mean_runtime": 0.6417117913564047,
          "std_runtime": 0.012605686768764125,